{
  "project_info": {
    "project_number": "640768391616",
    "project_id": "cchat-ab743",
    "storage_bucket": "cchat-ab743.appspot.com"
  },
  "client": [
    {
      "client_info": {
        "mobilesdk_app_id": "1:640768391616:android:a3052c3e33a4b0262a3025",
        "android_client_info": {
          "package_name": "com.example.cchat"
        }
      },
      "oauth_client": [
        {
          "client_id": "640768391616-d4c5bjfu1o56lilsr5k3hj0dupmtlg7s.apps.googleusercontent.com",
          "client_type": 3
        }
      ],
      "api_key": [
        {
          "current_key": "AIzaSyA7Q6gXLmdAPMNzH-qVTR-V4ODiKVqQ2Yo"
        }
      ],
      "services": {
        "appinvite_service": {
          "other_platform_oauth_client": [
            {
              "client_id": "640768391616-d4c5bjfu1o56lilsr5k3hj0dupmtlg7s.apps.googleusercontent.com",
              "client_type": 3
            }
          ]
        }
      }
    }
  ],
  "configuration_version": "1"
}